index,positive_score,tags,is_controversial,text
0,0.9,"['希望', '自由']",False,恐惧让你沦为囚犯，希望让你重获自由。——《肖申克的救赎》
0,0.3,"['社会体制', '体制化', '批判']",True,恐惧让你沦为囚犯，希望让你重获自由。——《肖申克的救赎》
0,0.7,['重温'],False,恐惧让你沦为囚犯，希望让你重获自由。——《肖申克的救赎》
0,0.7,"['推荐', '希望']",False,恐惧让你沦为囚犯，希望让你重获自由。——《肖申克的救赎》
0,0.9,"['希望', '救赎']",False,恐惧让你沦为囚犯，希望让你重获自由。——《肖申克的救赎》
0,0.2,"['民族情绪', '评分']",True,恐惧让你沦为囚犯，希望让你重获自由。——《肖申克的救赎》
0,1.0,"['反思', '经典', '第一']",False,恐惧让你沦为囚犯，希望让你重获自由。——《肖申克的救赎》
1,0.9,"['希望', '经典', '完美']",False,当年的奥斯卡颁奖礼上，被如日中天的《阿甘正传》掩盖了它的光彩，而随着时间的推移，这部电影在越来越多的人们心中的地位已超越了《阿甘》。每当现实令我疲惫得产生无力感，翻出这张碟，就重获力量。毫无疑问，本片位列男人必看的电影前三名！回顾那一段经典台词：“有的人的羽翼是如此光辉，即使世界上最黑暗的牢狱，也无法长久地将他围困！”
1,1.0,"['伟大', '经典', '希望']",False,当年的奥斯卡颁奖礼上，被如日中天的《阿甘正传》掩盖了它的光彩，而随着时间的推移，这部电影在越来越多的人们心中的地位已超越了《阿甘》。每当现实令我疲惫得产生无力感，翻出这张碟，就重获力量。毫无疑问，本片位列男人必看的电影前三名！回顾那一段经典台词：“有的人的羽翼是如此光辉，即使世界上最黑暗的牢狱，也无法长久地将他围困！”
1,0.9,"['自由', '希望', '经典']",False,当年的奥斯卡颁奖礼上，被如日中天的《阿甘正传》掩盖了它的光彩，而随着时间的推移，这部电影在越来越多的人们心中的地位已超越了《阿甘》。每当现实令我疲惫得产生无力感，翻出这张碟，就重获力量。毫无疑问，本片位列男人必看的电影前三名！回顾那一段经典台词：“有的人的羽翼是如此光辉，即使世界上最黑暗的牢狱，也无法长久地将他围困！”
1,0.9,"['原著', '好看']",False,当年的奥斯卡颁奖礼上，被如日中天的《阿甘正传》掩盖了它的光彩，而随着时间的推移，这部电影在越来越多的人们心中的地位已超越了《阿甘》。每当现实令我疲惫得产生无力感，翻出这张碟，就重获力量。毫无疑问，本片位列男人必看的电影前三名！回顾那一段经典台词：“有的人的羽翼是如此光辉，即使世界上最黑暗的牢狱，也无法长久地将他围困！”
1,0.1,"['不喜欢', '差评']",False,当年的奥斯卡颁奖礼上，被如日中天的《阿甘正传》掩盖了它的光彩，而随着时间的推移，这部电影在越来越多的人们心中的地位已超越了《阿甘》。每当现实令我疲惫得产生无力感，翻出这张碟，就重获力量。毫无疑问，本片位列男人必看的电影前三名！回顾那一段经典台词：“有的人的羽翼是如此光辉，即使世界上最黑暗的牢狱，也无法长久地将他围困！”
1,1.0,"['希望', '经典台词']",False,当年的奥斯卡颁奖礼上，被如日中天的《阿甘正传》掩盖了它的光彩，而随着时间的推移，这部电影在越来越多的人们心中的地位已超越了《阿甘》。每当现实令我疲惫得产生无力感，翻出这张碟，就重获力量。毫无疑问，本片位列男人必看的电影前三名！回顾那一段经典台词：“有的人的羽翼是如此光辉，即使世界上最黑暗的牢狱，也无法长久地将他围困！”
1,1.0,"['经典', '力量', '奥斯卡']",False,当年的奥斯卡颁奖礼上，被如日中天的《阿甘正传》掩盖了它的光彩，而随着时间的推移，这部电影在越来越多的人们心中的地位已超越了《阿甘》。每当现实令我疲惫得产生无力感，翻出这张碟，就重获力量。毫无疑问，本片位列男人必看的电影前三名！回顾那一段经典台词：“有的人的羽翼是如此光辉，即使世界上最黑暗的牢狱，也无法长久地将他围困！”
2,0.7,"['策划', '私奔']",False,策划了19年的私奔……
2,0.9,"['振奋', '正面']",False,策划了19年的私奔……
2,0.7,"['隐喻', '社会']",True,策划了19年的私奔……
2,0.6,"['好看', '评分夸大']",True,策划了19年的私奔……
2,0.9,"['经典', '重温']",False,策划了19年的私奔……
2,0.8,"['自由', '学习', '震撼']",False,策划了19年的私奔……
2,0.9,"['画面', '色彩']",False,策划了19年的私奔……
3,0.9,"['希望', '自由', '灵魂']",False,关于希望最强有力的注释。
3,1.0,"['经典', '梦想', '救赎']",False,关于希望最强有力的注释。
3,1.0,"['希望', '知识', '热爱生活']",False,关于希望最强有力的注释。
3,0.9,"['救赎', '自由', '希望']",False,关于希望最强有力的注释。
3,0.8,"['希望', '隐喻']",False,关于希望最强有力的注释。
3,0.1,"['高估', '批评']",True,关于希望最强有力的注释。
3,0.9,"['希望', '注释']",False,关于希望最强有力的注释。
4,0.9,"['希望', '经典', '温馨']",False,"“这是一部男人必看的电影。”人人都这么说。但单纯从性别区分，就会让这电影变狭隘。《肖申克的救赎》突破了男人电影的局限，通篇几乎充满令人难以置信的温馨基调，而电影里最伟大的主题是“希望”。
当我们无奈地遇到了如同肖申克一般囚禁了心灵自由的那种囹圄，我们是无奈的老布鲁克，灰心的瑞德，还是智慧的安迪？运用智慧，信任希望，并且勇敢面对恐惧心理，去打败它？
经典的电影之所以经典，因为他们都在做同一件事——让你从不同的角度来欣赏希望的美好。"
4,1.0,"['人生陪伴', '治愈', '经典']",False,"“这是一部男人必看的电影。”人人都这么说。但单纯从性别区分，就会让这电影变狭隘。《肖申克的救赎》突破了男人电影的局限，通篇几乎充满令人难以置信的温馨基调，而电影里最伟大的主题是“希望”。
当我们无奈地遇到了如同肖申克一般囚禁了心灵自由的那种囹圄，我们是无奈的老布鲁克，灰心的瑞德，还是智慧的安迪？运用智慧，信任希望，并且勇敢面对恐惧心理，去打败它？
经典的电影之所以经典，因为他们都在做同一件事——让你从不同的角度来欣赏希望的美好。"
4,0.9,"['经典', '完美']",False,"“这是一部男人必看的电影。”人人都这么说。但单纯从性别区分，就会让这电影变狭隘。《肖申克的救赎》突破了男人电影的局限，通篇几乎充满令人难以置信的温馨基调，而电影里最伟大的主题是“希望”。
当我们无奈地遇到了如同肖申克一般囚禁了心灵自由的那种囹圄，我们是无奈的老布鲁克，灰心的瑞德，还是智慧的安迪？运用智慧，信任希望，并且勇敢面对恐惧心理，去打败它？
经典的电影之所以经典，因为他们都在做同一件事——让你从不同的角度来欣赏希望的美好。"
4,1.0,['最好看'],False,"“这是一部男人必看的电影。”人人都这么说。但单纯从性别区分，就会让这电影变狭隘。《肖申克的救赎》突破了男人电影的局限，通篇几乎充满令人难以置信的温馨基调，而电影里最伟大的主题是“希望”。
当我们无奈地遇到了如同肖申克一般囚禁了心灵自由的那种囹圄，我们是无奈的老布鲁克，灰心的瑞德，还是智慧的安迪？运用智慧，信任希望，并且勇敢面对恐惧心理，去打败它？
经典的电影之所以经典，因为他们都在做同一件事——让你从不同的角度来欣赏希望的美好。"
4,0.3,"['一般', '评价']",False,"“这是一部男人必看的电影。”人人都这么说。但单纯从性别区分，就会让这电影变狭隘。《肖申克的救赎》突破了男人电影的局限，通篇几乎充满令人难以置信的温馨基调，而电影里最伟大的主题是“希望”。
当我们无奈地遇到了如同肖申克一般囚禁了心灵自由的那种囹圄，我们是无奈的老布鲁克，灰心的瑞德，还是智慧的安迪？运用智慧，信任希望，并且勇敢面对恐惧心理，去打败它？
经典的电影之所以经典，因为他们都在做同一件事——让你从不同的角度来欣赏希望的美好。"
4,0.6,"['人生', '感悟']",False,"“这是一部男人必看的电影。”人人都这么说。但单纯从性别区分，就会让这电影变狭隘。《肖申克的救赎》突破了男人电影的局限，通篇几乎充满令人难以置信的温馨基调，而电影里最伟大的主题是“希望”。
当我们无奈地遇到了如同肖申克一般囚禁了心灵自由的那种囹圄，我们是无奈的老布鲁克，灰心的瑞德，还是智慧的安迪？运用智慧，信任希望，并且勇敢面对恐惧心理，去打败它？
经典的电影之所以经典，因为他们都在做同一件事——让你从不同的角度来欣赏希望的美好。"
4,0.8,"['经典', '自由', '生活']",False,"“这是一部男人必看的电影。”人人都这么说。但单纯从性别区分，就会让这电影变狭隘。《肖申克的救赎》突破了男人电影的局限，通篇几乎充满令人难以置信的温馨基调，而电影里最伟大的主题是“希望”。
当我们无奈地遇到了如同肖申克一般囚禁了心灵自由的那种囹圄，我们是无奈的老布鲁克，灰心的瑞德，还是智慧的安迪？运用智慧，信任希望，并且勇敢面对恐惧心理，去打败它？
经典的电影之所以经典，因为他们都在做同一件事——让你从不同的角度来欣赏希望的美好。"
5,0.9,"['自由', '信念']",False,"超级喜欢超级喜欢,不看的话人生不圆满."
5,0.8,"['经典', '希望']",False,"超级喜欢超级喜欢,不看的话人生不圆满."
5,1.0,"['喜欢', '圆满']",False,"超级喜欢超级喜欢,不看的话人生不圆满."
5,1.0,"['经典', '评价']",False,"超级喜欢超级喜欢,不看的话人生不圆满."
5,0.8,"['结局', '惊喜']",False,"超级喜欢超级喜欢,不看的话人生不圆满."
5,0.6,"['希望', '自由', '怀疑']",True,"超级喜欢超级喜欢,不看的话人生不圆满."
5,0.9,"['好看', '推荐']",False,"超级喜欢超级喜欢,不看的话人生不圆满."
6,0.7,"['希望', '坚持', '美好']",False,这样的男人谁会舍得背叛。。。
6,0.8,"['口碑', '超越国界']",False,这样的男人谁会舍得背叛。。。
6,0.9,"['希望', '鼓励']",False,这样的男人谁会舍得背叛。。。
6,0.8,"['台词', '人生']",False,这样的男人谁会舍得背叛。。。
6,0.8,"['男人', '背叛']",False,这样的男人谁会舍得背叛。。。
6,0.9,"['梦想', '救赎', '震撼']",False,这样的男人谁会舍得背叛。。。
6,0.4,"['失望', '期待过高']",False,这样的男人谁会舍得背叛。。。
7,0.6,['瞬间'],False,人的生命不过是从一个洞穴通往另一个世界..然后在那个世界的雨中继续颤抖.i hope
7,0.2,"['吹嘘', '批评']",True,人的生命不过是从一个洞穴通往另一个世界..然后在那个世界的雨中继续颤抖.i hope
7,0.7,"['生命', '自由']",False,人的生命不过是从一个洞穴通往另一个世界..然后在那个世界的雨中继续颤抖.i hope
7,0.5,"['希望', '乐观', '极端']",True,人的生命不过是从一个洞穴通往另一个世界..然后在那个世界的雨中继续颤抖.i hope
7,1.0,['希望'],False,人的生命不过是从一个洞穴通往另一个世界..然后在那个世界的雨中继续颤抖.i hope
7,0.8,"['国产', '男主', '心疼']",False,人的生命不过是从一个洞穴通往另一个世界..然后在那个世界的雨中继续颤抖.i hope
7,0.9,"['推荐', '值得看']",False,人的生命不过是从一个洞穴通往另一个世界..然后在那个世界的雨中继续颤抖.i hope
8,0.7,"['人生感悟', '成长']",False,"一部没有爱情与美女的电影,却光芒四射"
8,1.0,"['力荐', '深刻']",False,"一部没有爱情与美女的电影,却光芒四射"
8,1.0,"['经典', '体悟']",False,"一部没有爱情与美女的电影,却光芒四射"
8,0.9,"['希望', '勇气']",False,"一部没有爱情与美女的电影,却光芒四射"
8,0.5,"['好看', '评分']",True,"一部没有爱情与美女的电影,却光芒四射"
8,0.9,"['光芒', '无爱情']",False,"一部没有爱情与美女的电影,却光芒四射"
8,0.7,"['人生', '希望', '沉沦']",False,"一部没有爱情与美女的电影,却光芒四射"
9,1.0,"['最爱', '经典']",False,"Fear Can Hold You Prisoner, Hope Can Set You Free"
9,0.8,"['信念', '坚强']",False,"Fear Can Hold You Prisoner, Hope Can Set You Free"
9,0.2,"['剧本', '问题']",False,"Fear Can Hold You Prisoner, Hope Can Set You Free"
9,0.9,"['重看', '经典']",False,"Fear Can Hold You Prisoner, Hope Can Set You Free"
9,0.3,"['虚假', '巧合', '脱离']",True,"Fear Can Hold You Prisoner, Hope Can Set You Free"
9,0.9,"['经典', '信念', '佩服']",False,"Fear Can Hold You Prisoner, Hope Can Set You Free"
9,0.9,"['恐惧', '希望', '自由']",False,"Fear Can Hold You Prisoner, Hope Can Set You Free"
10,0.9,"['好看', '评分高']",False,没有人会不喜欢吧！书和电影都好。
10,1.0,"['喜欢', '书', '电影']",False,没有人会不喜欢吧！书和电影都好。
10,0.6,"['好片', '比较', '阿甘']",True,没有人会不喜欢吧！书和电影都好。
10,0.7,"['坚持', '成功']",False,没有人会不喜欢吧！书和电影都好。
10,0.5,"['IMDB', '经典']",False,没有人会不喜欢吧！书和电影都好。
10,0.8,"['绝望', '希望', '坚持']",False,没有人会不喜欢吧！书和电影都好。
10,0.5,['观影记录'],False,没有人会不喜欢吧！书和电影都好。
11,0.9,"['好电影', '反复观看']",False,还记得老brooks上吊自杀时心里有多难过。自由来的太晚，生命早已自行放弃。
11,0.6,"['自杀', '自由', '生命']",False,还记得老brooks上吊自杀时心里有多难过。自由来的太晚，生命早已自行放弃。
11,1.0,"['救赎', '希望', '自由']",False,还记得老brooks上吊自杀时心里有多难过。自由来的太晚，生命早已自行放弃。
11,1.0,"['人生观', '信念', '自由']",False,还记得老brooks上吊自杀时心里有多难过。自由来的太晚，生命早已自行放弃。
11,0.7,"['特长', '坚持']",False,还记得老brooks上吊自杀时心里有多难过。自由来的太晚，生命早已自行放弃。
11,0.9,"['希望', '自由', '值得一看']",False,还记得老brooks上吊自杀时心里有多难过。自由来的太晚，生命早已自行放弃。
11,0.9,"['震撼', '自由', '配乐']",False,还记得老brooks上吊自杀时心里有多难过。自由来的太晚，生命早已自行放弃。
12,0.9,"['友谊', '希望', '感动']",False,"当雷电劈开圣经扉页的刹那，污水管道的血污里开出了鸢尾花。那个墨西哥海岸的约定不是谎言，是囚徒用月光编织的绳梯，每个绳结都系着太平洋咸涩的潮汐。
有的鸟注定属于天空，有的琴弦永远颤动在休止符之外。安迪游向暴雨的姿态，像蝴蝶挣裂了琥珀的裹尸布。
当他撕开雨幕的瞬间，整个太平洋都听见了，人类心脏深处亘古回荡的潮声。
我们看见自己正从冰川纪的冻土里抽芽，而安迪的锤子，不过是春天叩击冻土的第一声心跳。
当狱警的枪声惊醒冬眠的蜥蜴，我们终于在肖申克的废墟里看见——所有镣铐都是水做的牢笼，而自由不过是场优雅的溺水。
真正的监狱从来不是有形的围墙，而是我们心中对体制的臣服。当我们学会在绝望中保持希望，在黑暗中寻找光明，就已经完成了精神的越狱。
原来，自由不在远方，而在每个人的心中。"
12,0.9,"['经典', '反复看']",False,"当雷电劈开圣经扉页的刹那，污水管道的血污里开出了鸢尾花。那个墨西哥海岸的约定不是谎言，是囚徒用月光编织的绳梯，每个绳结都系着太平洋咸涩的潮汐。
有的鸟注定属于天空，有的琴弦永远颤动在休止符之外。安迪游向暴雨的姿态，像蝴蝶挣裂了琥珀的裹尸布。
当他撕开雨幕的瞬间，整个太平洋都听见了，人类心脏深处亘古回荡的潮声。
我们看见自己正从冰川纪的冻土里抽芽，而安迪的锤子，不过是春天叩击冻土的第一声心跳。
当狱警的枪声惊醒冬眠的蜥蜴，我们终于在肖申克的废墟里看见——所有镣铐都是水做的牢笼，而自由不过是场优雅的溺水。
真正的监狱从来不是有形的围墙，而是我们心中对体制的臣服。当我们学会在绝望中保持希望，在黑暗中寻找光明，就已经完成了精神的越狱。
原来，自由不在远方，而在每个人的心中。"
12,0.9,"['越狱', '自由', '社会黑暗']",False,"当雷电劈开圣经扉页的刹那，污水管道的血污里开出了鸢尾花。那个墨西哥海岸的约定不是谎言，是囚徒用月光编织的绳梯，每个绳结都系着太平洋咸涩的潮汐。
有的鸟注定属于天空，有的琴弦永远颤动在休止符之外。安迪游向暴雨的姿态，像蝴蝶挣裂了琥珀的裹尸布。
当他撕开雨幕的瞬间，整个太平洋都听见了，人类心脏深处亘古回荡的潮声。
我们看见自己正从冰川纪的冻土里抽芽，而安迪的锤子，不过是春天叩击冻土的第一声心跳。
当狱警的枪声惊醒冬眠的蜥蜴，我们终于在肖申克的废墟里看见——所有镣铐都是水做的牢笼，而自由不过是场优雅的溺水。
真正的监狱从来不是有形的围墙，而是我们心中对体制的臣服。当我们学会在绝望中保持希望，在黑暗中寻找光明，就已经完成了精神的越狱。
原来，自由不在远方，而在每个人的心中。"
12,0.4,"['鸡汤', '物化', '艺术']",True,"当雷电劈开圣经扉页的刹那，污水管道的血污里开出了鸢尾花。那个墨西哥海岸的约定不是谎言，是囚徒用月光编织的绳梯，每个绳结都系着太平洋咸涩的潮汐。
有的鸟注定属于天空，有的琴弦永远颤动在休止符之外。安迪游向暴雨的姿态，像蝴蝶挣裂了琥珀的裹尸布。
当他撕开雨幕的瞬间，整个太平洋都听见了，人类心脏深处亘古回荡的潮声。
我们看见自己正从冰川纪的冻土里抽芽，而安迪的锤子，不过是春天叩击冻土的第一声心跳。
当狱警的枪声惊醒冬眠的蜥蜴，我们终于在肖申克的废墟里看见——所有镣铐都是水做的牢笼，而自由不过是场优雅的溺水。
真正的监狱从来不是有形的围墙，而是我们心中对体制的臣服。当我们学会在绝望中保持希望，在黑暗中寻找光明，就已经完成了精神的越狱。
原来，自由不在远方，而在每个人的心中。"
12,0.8,"['情节巧妙', '爱国']",False,"当雷电劈开圣经扉页的刹那，污水管道的血污里开出了鸢尾花。那个墨西哥海岸的约定不是谎言，是囚徒用月光编织的绳梯，每个绳结都系着太平洋咸涩的潮汐。
有的鸟注定属于天空，有的琴弦永远颤动在休止符之外。安迪游向暴雨的姿态，像蝴蝶挣裂了琥珀的裹尸布。
当他撕开雨幕的瞬间，整个太平洋都听见了，人类心脏深处亘古回荡的潮声。
我们看见自己正从冰川纪的冻土里抽芽，而安迪的锤子，不过是春天叩击冻土的第一声心跳。
当狱警的枪声惊醒冬眠的蜥蜴，我们终于在肖申克的废墟里看见——所有镣铐都是水做的牢笼，而自由不过是场优雅的溺水。
真正的监狱从来不是有形的围墙，而是我们心中对体制的臣服。当我们学会在绝望中保持希望，在黑暗中寻找光明，就已经完成了精神的越狱。
原来，自由不在远方，而在每个人的心中。"
12,1.0,"['希望', '自由', '经典']",False,"当雷电劈开圣经扉页的刹那，污水管道的血污里开出了鸢尾花。那个墨西哥海岸的约定不是谎言，是囚徒用月光编织的绳梯，每个绳结都系着太平洋咸涩的潮汐。
有的鸟注定属于天空，有的琴弦永远颤动在休止符之外。安迪游向暴雨的姿态，像蝴蝶挣裂了琥珀的裹尸布。
当他撕开雨幕的瞬间，整个太平洋都听见了，人类心脏深处亘古回荡的潮声。
我们看见自己正从冰川纪的冻土里抽芽，而安迪的锤子，不过是春天叩击冻土的第一声心跳。
当狱警的枪声惊醒冬眠的蜥蜴，我们终于在肖申克的废墟里看见——所有镣铐都是水做的牢笼，而自由不过是场优雅的溺水。
真正的监狱从来不是有形的围墙，而是我们心中对体制的臣服。当我们学会在绝望中保持希望，在黑暗中寻找光明，就已经完成了精神的越狱。
原来，自由不在远方，而在每个人的心中。"
12,0.5,"['故事', '评分']",False,"当雷电劈开圣经扉页的刹那，污水管道的血污里开出了鸢尾花。那个墨西哥海岸的约定不是谎言，是囚徒用月光编织的绳梯，每个绳结都系着太平洋咸涩的潮汐。
有的鸟注定属于天空，有的琴弦永远颤动在休止符之外。安迪游向暴雨的姿态，像蝴蝶挣裂了琥珀的裹尸布。
当他撕开雨幕的瞬间，整个太平洋都听见了，人类心脏深处亘古回荡的潮声。
我们看见自己正从冰川纪的冻土里抽芽，而安迪的锤子，不过是春天叩击冻土的第一声心跳。
当狱警的枪声惊醒冬眠的蜥蜴，我们终于在肖申克的废墟里看见——所有镣铐都是水做的牢笼，而自由不过是场优雅的溺水。
真正的监狱从来不是有形的围墙，而是我们心中对体制的臣服。当我们学会在绝望中保持希望，在黑暗中寻找光明，就已经完成了精神的越狱。
原来，自由不在远方，而在每个人的心中。"
13,0.8,"['自我救赎', '知识']",False,"因为1994年台湾引进了一部比较卖座的老片The Sting，被错译成了《刺激》。到了1995年本片上映时，片商觉得其剧情与《刺激》有类似的地方（大概都属于高智商的复仇？），因此被译成了《刺激1995》，1998年又有一部片子Return To Paradise因为含有牢狱情节，被译成《刺激1998》！

说起来，自打高一时看过《肖申克的救赎》，男主角安迪的精神就持续影响着我，成为我价值观的一部分。那种持续不断给有关机构写信申请图书馆的精神，那种拒绝“忙着活，忙着死”的人生的精神，那种迫不得已作恶却良心不泯正义终彰的精神，那种享受生命中每一刻微小的美好的精神，那种在困境中梦想着远方有一小块属于自己乐土的精神，那种甘于平凡且活得自在的精神。一言以蔽之，那种属于“人性的光辉”的精神。"
13,0.4,['不是第一'],True,"因为1994年台湾引进了一部比较卖座的老片The Sting，被错译成了《刺激》。到了1995年本片上映时，片商觉得其剧情与《刺激》有类似的地方（大概都属于高智商的复仇？），因此被译成了《刺激1995》，1998年又有一部片子Return To Paradise因为含有牢狱情节，被译成《刺激1998》！

说起来，自打高一时看过《肖申克的救赎》，男主角安迪的精神就持续影响着我，成为我价值观的一部分。那种持续不断给有关机构写信申请图书馆的精神，那种拒绝“忙着活，忙着死”的人生的精神，那种迫不得已作恶却良心不泯正义终彰的精神，那种享受生命中每一刻微小的美好的精神，那种在困境中梦想着远方有一小块属于自己乐土的精神，那种甘于平凡且活得自在的精神。一言以蔽之，那种属于“人性的光辉”的精神。"
13,0.7,"['男主', '越狱']",False,"因为1994年台湾引进了一部比较卖座的老片The Sting，被错译成了《刺激》。到了1995年本片上映时，片商觉得其剧情与《刺激》有类似的地方（大概都属于高智商的复仇？），因此被译成了《刺激1995》，1998年又有一部片子Return To Paradise因为含有牢狱情节，被译成《刺激1998》！

说起来，自打高一时看过《肖申克的救赎》，男主角安迪的精神就持续影响着我，成为我价值观的一部分。那种持续不断给有关机构写信申请图书馆的精神，那种拒绝“忙着活，忙着死”的人生的精神，那种迫不得已作恶却良心不泯正义终彰的精神，那种享受生命中每一刻微小的美好的精神，那种在困境中梦想着远方有一小块属于自己乐土的精神，那种甘于平凡且活得自在的精神。一言以蔽之，那种属于“人性的光辉”的精神。"
13,1.0,"['感人', '泪奔']",False,"因为1994年台湾引进了一部比较卖座的老片The Sting，被错译成了《刺激》。到了1995年本片上映时，片商觉得其剧情与《刺激》有类似的地方（大概都属于高智商的复仇？），因此被译成了《刺激1995》，1998年又有一部片子Return To Paradise因为含有牢狱情节，被译成《刺激1998》！

说起来，自打高一时看过《肖申克的救赎》，男主角安迪的精神就持续影响着我，成为我价值观的一部分。那种持续不断给有关机构写信申请图书馆的精神，那种拒绝“忙着活，忙着死”的人生的精神，那种迫不得已作恶却良心不泯正义终彰的精神，那种享受生命中每一刻微小的美好的精神，那种在困境中梦想着远方有一小块属于自己乐土的精神，那种甘于平凡且活得自在的精神。一言以蔽之，那种属于“人性的光辉”的精神。"
13,0.9,"['精神', '影响', '价值观']",False,"因为1994年台湾引进了一部比较卖座的老片The Sting，被错译成了《刺激》。到了1995年本片上映时，片商觉得其剧情与《刺激》有类似的地方（大概都属于高智商的复仇？），因此被译成了《刺激1995》，1998年又有一部片子Return To Paradise因为含有牢狱情节，被译成《刺激1998》！

说起来，自打高一时看过《肖申克的救赎》，男主角安迪的精神就持续影响着我，成为我价值观的一部分。那种持续不断给有关机构写信申请图书馆的精神，那种拒绝“忙着活，忙着死”的人生的精神，那种迫不得已作恶却良心不泯正义终彰的精神，那种享受生命中每一刻微小的美好的精神，那种在困境中梦想着远方有一小块属于自己乐土的精神，那种甘于平凡且活得自在的精神。一言以蔽之，那种属于“人性的光辉”的精神。"
13,1.0,['震撼'],False,"因为1994年台湾引进了一部比较卖座的老片The Sting，被错译成了《刺激》。到了1995年本片上映时，片商觉得其剧情与《刺激》有类似的地方（大概都属于高智商的复仇？），因此被译成了《刺激1995》，1998年又有一部片子Return To Paradise因为含有牢狱情节，被译成《刺激1998》！

说起来，自打高一时看过《肖申克的救赎》，男主角安迪的精神就持续影响着我，成为我价值观的一部分。那种持续不断给有关机构写信申请图书馆的精神，那种拒绝“忙着活，忙着死”的人生的精神，那种迫不得已作恶却良心不泯正义终彰的精神，那种享受生命中每一刻微小的美好的精神，那种在困境中梦想着远方有一小块属于自己乐土的精神，那种甘于平凡且活得自在的精神。一言以蔽之，那种属于“人性的光辉”的精神。"
13,0.9,"['自由', '崇拜']",False,"因为1994年台湾引进了一部比较卖座的老片The Sting，被错译成了《刺激》。到了1995年本片上映时，片商觉得其剧情与《刺激》有类似的地方（大概都属于高智商的复仇？），因此被译成了《刺激1995》，1998年又有一部片子Return To Paradise因为含有牢狱情节，被译成《刺激1998》！

说起来，自打高一时看过《肖申克的救赎》，男主角安迪的精神就持续影响着我，成为我价值观的一部分。那种持续不断给有关机构写信申请图书馆的精神，那种拒绝“忙着活，忙着死”的人生的精神，那种迫不得已作恶却良心不泯正义终彰的精神，那种享受生命中每一刻微小的美好的精神，那种在困境中梦想着远方有一小块属于自己乐土的精神，那种甘于平凡且活得自在的精神。一言以蔽之，那种属于“人性的光辉”的精神。"
14,0.9,"['毅力', '自由']",False,一部没有女主，没有爱情，没有特技的好片子，也是很多大学英语老师喜欢放给学生看的片子，这部片子讲诉的就是一个很纯粹的故事，一次的救赎，换回了自由，也是一种信念驱使他这么做，这部片子是感人的，它也让很多人成长。
14,0.1,"['烂俗', '励志片']",True,一部没有女主，没有爱情，没有特技的好片子，也是很多大学英语老师喜欢放给学生看的片子，这部片子讲诉的就是一个很纯粹的故事，一次的救赎，换回了自由，也是一种信念驱使他这么做，这部片子是感人的，它也让很多人成长。
14,0.9,"['救赎', '自由', '信念']",False,一部没有女主，没有爱情，没有特技的好片子，也是很多大学英语老师喜欢放给学生看的片子，这部片子讲诉的就是一个很纯粹的故事，一次的救赎，换回了自由，也是一种信念驱使他这么做，这部片子是感人的，它也让很多人成长。
14,0.3,"['不理解', '排名']",True,一部没有女主，没有爱情，没有特技的好片子，也是很多大学英语老师喜欢放给学生看的片子，这部片子讲诉的就是一个很纯粹的故事，一次的救赎，换回了自由，也是一种信念驱使他这么做，这部片子是感人的，它也让很多人成长。
14,1.0,"['励志', '感动', '推荐']",False,一部没有女主，没有爱情，没有特技的好片子，也是很多大学英语老师喜欢放给学生看的片子，这部片子讲诉的就是一个很纯粹的故事，一次的救赎，换回了自由，也是一种信念驱使他这么做，这部片子是感人的，它也让很多人成长。
14,0.0,"['不喜欢', '差评']",False,一部没有女主，没有爱情，没有特技的好片子，也是很多大学英语老师喜欢放给学生看的片子，这部片子讲诉的就是一个很纯粹的故事，一次的救赎，换回了自由，也是一种信念驱使他这么做，这部片子是感人的，它也让很多人成长。
14,0.3,"['评分', '反讽']",True,一部没有女主，没有爱情，没有特技的好片子，也是很多大学英语老师喜欢放给学生看的片子，这部片子讲诉的就是一个很纯粹的故事，一次的救赎，换回了自由，也是一种信念驱使他这么做，这部片子是感人的，它也让很多人成长。
15,0.9,"['触动', '经典']",False,对不起，我戒酒了。
15,0.5,"['情绪价值', '无罪']",True,对不起，我戒酒了。
15,0.8,"['自由', '隐喻']",False,对不起，我戒酒了。
15,0.5,['戒酒'],True,对不起，我戒酒了。
15,1.0,"['自由', '友情', '正义']",False,对不起，我戒酒了。
15,0.4,"['形容', '感觉']",True,对不起，我戒酒了。
16,0.6,"['不错', '神坛']",True,越狱我感觉就是改编自这个
16,0.4,"['习惯', '悲剧']",False,越狱我感觉就是改编自这个
16,0.7,"['越狱', '改编']",False,越狱我感觉就是改编自这个
16,0.9,"['最佳', '比较']",False,越狱我感觉就是改编自这个
16,0.8,"['救赎', '自由', '信念']",False,越狱我感觉就是改编自这个
16,0.2,"['体制化', '资本', '救赎']",True,越狱我感觉就是改编自这个
17,0.9,"['经典', '自由', '束缚']",False,这部电影没什么好说的，史上最完美的电影，没有一秒尿尿时间！
17,1.0,"['完美', '电影']",False,这部电影没什么好说的，史上最完美的电影，没有一秒尿尿时间！
17,0.7,"['体制化', '真实', '勇敢']",False,这部电影没什么好说的，史上最完美的电影，没有一秒尿尿时间！
17,0.2,"['不感冒', '欣赏水平']",True,这部电影没什么好说的，史上最完美的电影，没有一秒尿尿时间！
17,0.8,"['自由', '温暖', '印象深']",False,这部电影没什么好说的，史上最完美的电影，没有一秒尿尿时间！
17,0.9,"['经典', '自由']",False,这部电影没什么好说的，史上最完美的电影，没有一秒尿尿时间！
18,1.0,"['伟大', '主题', '情感']",False,hope is a good thing
18,0.9,['希望'],False,hope is a good thing
18,0.7,"['生活', '选择']",False,hope is a good thing
18,0.9,"['恐惧', '希望', '自由']",False,hope is a good thing
18,1.0,"['执念', '自由', '希望']",False,hope is a good thing
18,0.3,"['质疑', '过度赞誉']",True,hope is a good thing
19,1.0,"['信念', '坚持', '向往']",False,明修栈道，暗渡陈仓
19,0.9,"['造梦', '希望', '震撼']",False,明修栈道，暗渡陈仓
19,0.8,"['希望', '中国电影', '内涵']",False,明修栈道，暗渡陈仓
19,0.8,"['自由', '经典台词', '回忆']",False,明修栈道，暗渡陈仓
19,0.6,"['策略', '隐喻']",False,明修栈道，暗渡陈仓
19,0.9,['感动'],False,明修栈道，暗渡陈仓
